facility_id,name,facility_type,district,latitude,longitude,capacity,safety_stock_days
F0001,Warehouse 001 (Northgate),warehouse,Northgate,12.56751,74.69252,50000,14
F0002,Warehouse 002 (Hillview),warehouse,Hillview,12.64768,74.57175,50000,14
F0003,Warehouse 003 (Harborview),warehouse,Harborview,12.61086,74.79535,50000,14
F0004,Warehouse 004 (Riverside),warehouse,Riverside,12.61559,74.66286,50000,14
F0005,Warehouse 005 (Sunrise),warehouse,Sunrise,12.56858,74.63919,50000,14
F0006,Hospital 006 (Harborview),hospital,Harborview,12.84366,74.81445,8000,10
F0007,Hospital 007 (Lakeside),hospital,Lakeside,13.1166,74.50455,8000,10
F0008,Hospital 008 (Old Town),hospital,Old Town,13.0387,74.73818,8000,10
F0009,Hospital 009 (Old Town),hospital,Old Town,12.70072,75.03445,8000,10
F0010,Hospital 010 (Northgate),hospital,Northgate,12.61492,74.5677,8000,10
F0011,Hospital 011 (Eastfield),hospital,Eastfield,12.97261,75.06499,8000,10
F0012,Hospital 012 (Greenpark),hospital,Greenpark,12.92536,75.18118,8000,10
F0013,Hospital 013 (Westbrook),hospital,Westbrook,12.60516,74.70522,8000,10
F0014,Hospital 014 (Sunrise),hospital,Sunrise,13.16982,74.75314,8000,10
F0015,Hospital 015 (Hillview),hospital,Hillview,13.0432,74.53208,8000,10
F0016,Hospital 016 (Hillview),hospital,Hillview,13.09115,75.18966,8000,10
F0017,Hospital 017 (Hillview),hospital,Hillview,13.15654,74.76609,8000,10
F0018,Hospital 018 (Greenpark),hospital,Greenpark,12.99498,74.75538,8000,10
F0019,Hospital 019 (Eastfield),hospital,Eastfield,12.79869,74.96912,8000,10
F0020,Hospital 020 (Northgate),hospital,Northgate,12.97639,74.6198,8000,10
F0021,Hospital 021 (Hillview),hospital,Hillview,12.66438,74.76562,8000,10
F0022,Hospital 022 (Harborview),hospital,Harborview,12.70373,74.727,8000,10
F0023,Hospital 023 (Riverside),hospital,Riverside,12.71033,74.52247,8000,10
F0024,Hospital 024 (Eastfield),hospital,Eastfield,12.83082,74.54633,8000,10
F0025,Hospital 025 (Sunrise),hospital,Sunrise,13.16346,74.72027,8000,10
F0026,Phc 026 (Greenpark),phc,Greenpark,12.82694,75.14018,1500,7
F0027,Phc 027 (Greenpark),phc,Greenpark,12.65001,74.59774,1500,7
F0028,Phc 028 (Harborview),phc,Harborview,12.92728,75.02291,1500,7
F0029,Phc 029 (Westbrook),phc,Westbrook,13.17848,74.77958,1500,7
F0030,Phc 030 (Hillview),phc,Hillview,13.24813,74.59683,1500,7
F0031,Phc 031 (Greenpark),phc,Greenpark,12.61364,74.53298,1500,7
F0032,Phc 032 (Northgate),phc,Northgate,12.65699,74.61199,1500,7
F0033,Phc 033 (Westbrook),phc,Westbrook,12.96749,74.76934,1500,7
F0034,Phc 034 (Sunrise),phc,Sunrise,13.24728,74.87038,1500,7
F0035,Phc 035 (Harborview),phc,Harborview,13.15255,74.50804,1500,7
F0036,Phc 036 (Northgate),phc,Northgate,13.0272,74.87588,1500,7
F0037,Phc 037 (Lakeside),phc,Lakeside,13.08802,74.73812,1500,7
F0038,Phc 038 (Lakeside),phc,Lakeside,12.85434,74.81761,1500,7
F0039,Phc 039 (Lakeside),phc,Lakeside,13.23032,75.03337,1500,7
F0040,Phc 040 (Harborview),phc,Harborview,13.18884,75.10936,1500,7
F0041,Phc 041 (Lakeside),phc,Lakeside,13.13917,74.85536,1500,7
F0042,Phc 042 (Hillview),phc,Hillview,12.65699,75.03376,1500,7
F0043,Phc 043 (Harborview),phc,Harborview,13.21745,75.1457,1500,7
F0044,Phc 044 (Riverside),phc,Riverside,12.96926,74.84202,1500,7
F0045,Phc 045 (Northgate),phc,Northgate,13.20037,75.11511,1500,7
F0046,Phc 046 (Lakeside),phc,Lakeside,12.71762,74.66861,1500,7
F0047,Phc 047 (Sunrise),phc,Sunrise,13.21286,74.55996,1500,7
F0048,Phc 048 (Greenpark),phc,Greenpark,13.12122,75.18459,1500,7
F0049,Phc 049 (Harborview),phc,Harborview,13.08608,74.58987,1500,7
F0050,Phc 050 (Greenpark),phc,Greenpark,13.21279,74.61559,1500,7
F0051,Phc 051 (Harborview),phc,Harborview,13.1607,74.7962,1500,7
F0052,Phc 052 (Hillview),phc,Hillview,13.20024,75.02869,1500,7
F0053,Phc 053 (Hillview),phc,Hillview,13.04906,74.77929,1500,7
F0054,Phc 054 (Eastfield),phc,Eastfield,12.85667,74.8623,1500,7
F0055,Phc 055 (Northgate),phc,Northgate,12.72353,74.54482,1500,7
F0056,Phc 056 (Riverside),phc,Riverside,12.96182,74.66108,1500,7
F0057,Phc 057 (Hillview),phc,Hillview,12.55503,74.99549,1500,7
F0058,Phc 058 (Riverside),phc,Riverside,12.71026,75.13379,1500,7
F0059,Phc 059 (Eastfield),phc,Eastfield,12.5996,74.6666,1500,7
F0060,Phc 060 (Greenpark),phc,Greenpark,12.69997,74.59262,1500,7
F0061,Phc 061 (Sunrise),phc,Sunrise,12.95335,74.6701,1500,7
F0062,Phc 062 (Greenpark),phc,Greenpark,13.11525,74.63329,1500,7
F0063,Phc 063 (Northgate),phc,Northgate,13.01129,74.74801,1500,7
F0064,Phc 064 (Westbrook),phc,Westbrook,12.87692,75.01035,1500,7
F0065,Phc 065 (Northgate),phc,Northgate,12.59243,75.00975,1500,7
F0066,Phc 066 (Northgate),phc,Northgate,12.72406,74.63315,1500,7
F0067,Phc 067 (Greenpark),phc,Greenpark,12.64813,74.62844,1500,7
F0068,Phc 068 (Greenpark),phc,Greenpark,12.72486,75.14629,1500,7
F0069,Phc 069 (Greenpark),phc,Greenpark,13.11562,75.09918,1500,7
F0070,Phc 070 (Northgate),phc,Northgate,12.58541,75.1995,1500,7
F0071,Phc 071 (Riverside),phc,Riverside,13.2283,75.14846,1500,7
F0072,Phc 072 (Hillview),phc,Hillview,12.66642,74.83995,1500,7
F0073,Phc 073 (Hillview),phc,Hillview,13.15526,75.13171,1500,7
F0074,Phc 074 (Old Town),phc,Old Town,12.81528,75.18972,1500,7
F0075,Phc 075 (Lakeside),phc,Lakeside,13.19856,75.04959,1500,7
F0076,Phc 076 (Lakeside),phc,Lakeside,12.84611,75.17012,1500,7
F0077,Phc 077 (Harborview),phc,Harborview,13.01331,74.84067,1500,7
F0078,Phc 078 (Hillview),phc,Hillview,12.7577,75.1781,1500,7
F0079,Phc 079 (Sunrise),phc,Sunrise,13.06502,74.54267,1500,7
F0080,Phc 080 (Eastfield),phc,Eastfield,12.59002,74.90892,1500,7
F0081,Clinic 081 (Harborview),clinic,Harborview,13.19357,74.87179,600,5
F0082,Clinic 082 (Riverside),clinic,Riverside,13.22255,74.55608,600,5
F0083,Clinic 083 (Old Town),clinic,Old Town,12.59796,74.54757,600,5
F0084,Clinic 084 (Hillview),clinic,Hillview,12.83264,75.15912,600,5
F0085,Clinic 085 (Sunrise),clinic,Sunrise,12.72235,74.91616,600,5
F0086,Clinic 086 (Sunrise),clinic,Sunrise,12.60739,74.96016,600,5
F0087,Clinic 087 (Sunrise),clinic,Sunrise,12.91595,75.15429,600,5
F0088,Clinic 088 (Hillview),clinic,Hillview,13.01881,74.71993,600,5
F0089,Clinic 089 (Lakeside),clinic,Lakeside,12.82705,74.97018,600,5
F0090,Clinic 090 (Lakeside),clinic,Lakeside,12.87006,75.15031,600,5
F0091,Clinic 091 (Northgate),clinic,Northgate,12.55652,74.93481,600,5
F0092,Clinic 092 (Sunrise),clinic,Sunrise,13.24727,74.55128,600,5
F0093,Clinic 093 (Hillview),clinic,Hillview,12.90412,74.59272,600,5
F0094,Clinic 094 (Eastfield),clinic,Eastfield,13.1666,75.11549,600,5
F0095,Clinic 095 (Eastfield),clinic,Eastfield,12.74949,74.80673,600,5
F0096,Clinic 096 (Harborview),clinic,Harborview,13.04248,74.92817,600,5
F0097,Clinic 097 (Harborview),clinic,Harborview,12.55548,75.07197,600,5
F0098,Clinic 098 (Lakeside),clinic,Lakeside,13.20223,74.57251,600,5
F0099,Clinic 099 (Old Town),clinic,Old Town,12.73513,75.1228,600,5
F0100,Clinic 100 (Harborview),clinic,Harborview,12.65881,74.69723,600,5
