facility_id,medicine_id,current_stock,avg_daily_demand_30d,last_updated_days_ago
F0006,MED-01,875,36,0
F0006,MED-02,744,37,2
F0006,MED-03,490,19,1
F0006,MED-04,490,29,0
F0006,MED-05,61,6,1
F0006,MED-06,216,8,1
F0006,MED-07,1120,44,5
F0006,MED-08,897,42,2
F0006,MED-09,497,18,2
F0006,MED-10,352,15,1
F0006,MED-11,761,35,2
F0006,MED-12,911,37,2
F0006,MED-13,650,24,0
F0006,MED-14,304,18,0
F0006,MED-15,920,39,0
F0006,MED-16,358,11,2
F0006,MED-17,267,16,2
F0006,MED-18,881,27,2
F0006,MED-19,743,27,2
F0006,MED-20,273,23,0
F0007,MED-01,981,54,0
F0007,MED-02,436,42,2
F0007,MED-03,432,14,0
F0007,MED-04,552,21,0
F0007,MED-05,1184,43,0
F0007,MED-06,660,23,5
F0007,MED-07,180,6,0
F0007,MED-08,751,34,5
F0007,MED-09,453,27,0
F0007,MED-10,239,9,0
F0007,MED-11,670,24,5
F0007,MED-12,284,28,5
F0007,MED-13,353,13,5
F0007,MED-14,251,23,0
F0007,MED-15,1083,36,0
F0007,MED-16,525,28,0
F0007,MED-17,836,31,0
F0007,MED-18,688,20,0
F0007,MED-19,117,9,1
F0007,MED-20,276,12,0
F0008,MED-01,395,12,1
F0008,MED-02,877,40,0
F0008,MED-03,425,17,0
F0008,MED-04,365,12,1
F0008,MED-05,340,35,0
F0008,MED-06,139,7,0
F0008,MED-07,727,45,2
F0008,MED-08,225,7,0
F0008,MED-09,587,20,0
F0008,MED-10,447,30,0
F0008,MED-11,463,15,5
F0008,MED-12,409,16,0
F0008,MED-13,1000,43,0
F0008,MED-14,614,20,0
F0008,MED-15,360,19,2
F0008,MED-16,340,20,5
F0008,MED-17,693,44,1
F0008,MED-18,313,10,0
F0008,MED-19,316,23,5
F0008,MED-20,748,25,1
F0009,MED-01,1397,47,0
F0009,MED-02,356,20,0
F0009,MED-03,104,6,0
F0009,MED-04,372,13,0
F0009,MED-05,688,30,2
F0009,MED-06,1078,38,0
F0009,MED-07,298,9,0
F0009,MED-08,704,23,5
F0009,MED-09,120,7,2
F0009,MED-10,181,11,5
F0009,MED-11,474,15,0
F0009,MED-12,743,30,0
F0009,MED-13,409,13,5
F0009,MED-14,113,9,0
F0009,MED-15,257,27,2
F0009,MED-16,126,14,2
F0009,MED-17,254,9,1
F0009,MED-18,270,25,1
F0009,MED-19,1076,41,0
F0009,MED-20,225,9,1
F0010,MED-01,319,20,0
F0010,MED-02,335,17,0
F0010,MED-03,73,5,0
F0010,MED-04,396,18,0
F0010,MED-05,83,25,0
F0010,MED-06,303,18,0
F0010,MED-07,0,31,0
F0010,MED-08,214,49,0
F0010,MED-09,768,37,0
F0010,MED-10,71,8,0
F0010,MED-11,183,16,0
F0010,MED-12,266,9,0
F0010,MED-13,36,11,0
F0010,MED-14,231,21,0
F0010,MED-15,264,12,0
F0010,MED-16,546,31,0
F0010,MED-17,1,11,0
F0010,MED-18,0,18,0
F0010,MED-19,162,30,0
F0010,MED-20,89,24,0
F0011,MED-01,1202,46,1
F0011,MED-02,273,17,0
F0011,MED-03,308,14,1
F0011,MED-04,624,19,1
F0011,MED-05,908,36,0
F0011,MED-06,488,14,0
F0011,MED-07,342,12,0
F0011,MED-08,1194,38,0
F0011,MED-09,777,36,0
F0011,MED-10,225,11,5
F0011,MED-11,419,31,5
F0011,MED-12,429,22,1
F0011,MED-13,162,5,0
F0011,MED-14,675,23,2
F0011,MED-15,291,29,2
F0011,MED-16,212,11,0
F0011,MED-17,131,8,1
F0011,MED-18,320,25,5
F0011,MED-19,334,45,1
F0011,MED-20,442,32,5
F0012,MED-01,928,50,0
F0012,MED-02,390,44,0
F0012,MED-03,109,6,0
F0012,MED-04,769,31,1
F0012,MED-05,401,25,2
F0012,MED-06,451,22,1
F0012,MED-07,1060,41,0
F0012,MED-08,137,11,0
F0012,MED-09,1333,53,5
F0012,MED-10,458,20,0
F0012,MED-11,170,13,0
F0012,MED-12,125,8,2
F0012,MED-13,218,13,1
F0012,MED-14,95,7,0
F0012,MED-15,258,11,0
F0012,MED-16,227,13,0
F0012,MED-17,980,39,0
F0012,MED-18,987,29,0
F0012,MED-19,964,45,0
F0012,MED-20,228,14,0
F0013,MED-01,205,7,0
F0013,MED-02,642,23,0
F0013,MED-03,393,14,0
F0013,MED-04,1115,29,0
F0013,MED-05,478,32,2
F0013,MED-06,742,26,0
F0013,MED-07,1022,42,2
F0013,MED-08,979,42,0
F0013,MED-09,302,13,0
F0013,MED-10,188,7,2
F0013,MED-11,519,36,0
F0013,MED-12,315,14,0
F0013,MED-13,1116,36,0
F0013,MED-14,304,22,0
F0013,MED-15,389,19,0
F0013,MED-16,139,17,2
F0013,MED-17,405,27,1
F0013,MED-18,1258,44,2
F0013,MED-19,653,26,0
F0013,MED-20,362,26,1
F0014,MED-01,794,45,0
F0014,MED-02,922,28,0
F0014,MED-03,145,10,0
F0014,MED-04,312,17,0
F0014,MED-05,247,10,0
F0014,MED-06,271,19,1
F0014,MED-07,931,37,5
F0014,MED-08,598,19,0
F0014,MED-09,696,38,0
F0014,MED-10,292,16,1
F0014,MED-11,892,30,0
F0014,MED-12,199,8,5
F0014,MED-13,1196,41,2
F0014,MED-14,288,11,2
F0014,MED-15,186,7,1
F0014,MED-16,989,53,1
F0014,MED-17,353,29,5
F0014,MED-18,183,8,0
F0014,MED-19,804,43,0
F0014,MED-20,259,9,0
F0015,MED-01,674,41,1
F0015,MED-02,81,7,0
F0015,MED-03,460,16,5
F0015,MED-04,1006,33,0
F0015,MED-05,789,31,0
F0015,MED-06,342,28,1
F0015,MED-07,297,25,0
F0015,MED-08,1028,39,0
F0015,MED-09,215,10,1
F0015,MED-10,164,12,0
F0015,MED-11,483,22,1
F0015,MED-12,477,36,0
F0015,MED-13,428,14,5
F0015,MED-14,187,11,5
F0015,MED-15,489,18,0
F0015,MED-16,361,14,0
F0015,MED-17,389,11,5
F0015,MED-18,922,37,5
F0015,MED-19,700,33,0
F0015,MED-20,601,31,0
F0016,MED-01,444,27,0
F0016,MED-02,217,16,0
F0016,MED-03,338,13,0
F0016,MED-04,593,21,2
F0016,MED-05,1364,41,0
F0016,MED-06,624,22,1
F0016,MED-07,549,30,0
F0016,MED-08,1229,35,5
F0016,MED-09,762,45,2
F0016,MED-10,187,9,0
F0016,MED-11,464,36,0
F0016,MED-12,209,13,1
F0016,MED-13,1251,43,0
F0016,MED-14,673,22,0
F0016,MED-15,702,24,0
F0016,MED-16,918,30,2
F0016,MED-17,269,9,1
F0016,MED-18,123,5,2
F0016,MED-19,726,32,2
F0016,MED-20,163,10,2
F0017,MED-01,626,29,1
F0017,MED-02,386,16,2
F0017,MED-03,244,9,1
F0017,MED-04,527,17,0
F0017,MED-05,551,28,0
F0017,MED-06,351,19,0
F0017,MED-07,129,11,2
F0017,MED-08,1448,52,0
F0017,MED-09,1131,43,0
F0017,MED-10,46,5,0
F0017,MED-11,121,4,0
F0017,MED-12,650,38,0
F0017,MED-13,139,5,5
F0017,MED-14,166,10,1
F0017,MED-15,382,37,0
F0017,MED-16,425,12,1
F0017,MED-17,399,14,5
F0017,MED-18,366,18,0
F0017,MED-19,249,8,2
F0017,MED-20,277,11,5
F0018,MED-01,1682,51,2
F0018,MED-02,666,23,2
F0018,MED-03,631,31,1
F0018,MED-04,419,20,0
F0018,MED-05,746,40,5
F0018,MED-06,566,33,5
F0018,MED-07,518,42,0
F0018,MED-08,141,12,0
F0018,MED-09,553,26,0
F0018,MED-10,602,25,1
F0018,MED-11,279,12,0
F0018,MED-12,134,5,1
F0018,MED-13,500,35,2
F0018,MED-14,191,19,0
F0018,MED-15,413,12,0
F0018,MED-16,560,25,0
F0018,MED-17,107,11,0
F0018,MED-18,408,29,5
F0018,MED-19,1387,54,1
F0018,MED-20,661,27,2
F0019,MED-01,180,11,0
F0019,MED-02,285,13,0
F0019,MED-03,727,28,0
F0019,MED-04,577,32,0
F0019,MED-05,587,39,0
F0019,MED-06,439,27,0
F0019,MED-07,4,9,0
F0019,MED-08,26,8,0
F0019,MED-09,373,41,0
F0019,MED-10,82,19,0
F0019,MED-11,205,9,0
F0019,MED-12,241,31,0
F0019,MED-13,46,28,0
F0019,MED-14,779,25,0
F0019,MED-15,301,29,0
F0019,MED-16,235,37,0
F0019,MED-17,0,11,0
F0019,MED-18,219,25,0
F0019,MED-19,144,34,0
F0019,MED-20,594,28,0
F0020,MED-01,89,9,0
F0020,MED-02,377,32,0
F0020,MED-03,619,25,0
F0020,MED-04,1293,40,0
F0020,MED-05,149,12,0
F0020,MED-06,467,36,0
F0020,MED-07,219,16,0
F0020,MED-08,251,45,0
F0020,MED-09,0,24,0
F0020,MED-10,79,4,0
F0020,MED-11,33,7,0
F0020,MED-12,690,27,0
F0020,MED-13,266,27,0
F0020,MED-14,100,3,0
F0020,MED-15,1171,36,0
F0020,MED-16,0,24,0
F0020,MED-17,191,36,0
F0020,MED-18,0,40,0
F0020,MED-19,114,10,0
F0020,MED-20,69,7,0
F0021,MED-01,245,23,1
F0021,MED-02,1017,43,0
F0021,MED-03,174,10,0
F0021,MED-04,1204,33,1
F0021,MED-05,444,21,0
F0021,MED-06,84,5,2
F0021,MED-07,706,27,1
F0021,MED-08,181,6,0
F0021,MED-09,481,13,0
F0021,MED-10,362,17,2
F0021,MED-11,69,5,0
F0021,MED-12,126,8,1
F0021,MED-13,377,26,1
F0021,MED-14,309,23,0
F0021,MED-15,700,32,1
F0021,MED-16,406,35,0
F0021,MED-17,94,6,5
F0021,MED-18,825,28,0
F0021,MED-19,675,31,0
F0021,MED-20,283,9,1
F0022,MED-01,1548,49,0
F0022,MED-02,160,6,1
F0022,MED-03,573,28,5
F0022,MED-04,223,23,2
F0022,MED-05,463,17,2
F0022,MED-06,622,37,1
F0022,MED-07,389,30,0
F0022,MED-08,147,12,0
F0022,MED-09,428,15,5
F0022,MED-10,210,24,5
F0022,MED-11,122,7,1
F0022,MED-12,142,24,2
F0022,MED-13,337,19,1
F0022,MED-14,893,30,0
F0022,MED-15,245,22,2
F0022,MED-16,227,8,1
F0022,MED-17,711,30,5
F0022,MED-18,757,44,0
F0022,MED-19,1667,51,1
F0022,MED-20,474,25,5
F0023,MED-01,427,42,0
F0023,MED-02,827,29,0
F0023,MED-03,743,23,0
F0023,MED-04,363,13,0
F0023,MED-05,835,28,1
F0023,MED-06,204,19,5
F0023,MED-07,921,37,5
F0023,MED-08,461,15,0
F0023,MED-09,169,6,5
F0023,MED-10,102,4,0
F0023,MED-11,351,14,1
F0023,MED-12,200,12,0
F0023,MED-13,1351,42,1
F0023,MED-14,640,25,2
F0023,MED-15,42,6,1
F0023,MED-16,571,33,0
F0023,MED-17,225,8,0
F0023,MED-18,288,11,2
F0023,MED-19,684,52,5
F0023,MED-20,1048,31,0
F0024,MED-01,348,17,2
F0024,MED-02,709,34,0
F0024,MED-03,286,19,2
F0024,MED-04,368,32,1
F0024,MED-05,1303,40,0
F0024,MED-06,132,8,5
F0024,MED-07,485,17,1
F0024,MED-08,1120,52,0
F0024,MED-09,1195,54,2
F0024,MED-10,455,16,2
F0024,MED-11,577,20,1
F0024,MED-12,137,9,1
F0024,MED-13,1159,38,1
F0024,MED-14,993,30,0
F0024,MED-15,786,30,1
F0024,MED-16,777,21,5
F0024,MED-17,1045,37,5
F0024,MED-18,142,7,0
F0024,MED-19,410,26,0
F0024,MED-20,914,29,0
F0025,MED-01,1421,42,1
F0025,MED-02,543,25,0
F0025,MED-03,54,7,0
F0025,MED-04,512,26,1
F0025,MED-05,856,29,0
F0025,MED-06,702,20,5
F0025,MED-07,339,11,5
F0025,MED-08,49,8,1
F0025,MED-09,649,25,0
F0025,MED-10,546,20,2
F0025,MED-11,134,6,5
F0025,MED-12,710,37,2
F0025,MED-13,631,43,0
F0025,MED-14,956,26,0
F0025,MED-15,1112,30,2
F0025,MED-16,161,9,0
F0025,MED-17,62,6,1
F0025,MED-18,1006,41,5
F0025,MED-19,897,32,5
F0025,MED-20,661,24,5
F0026,MED-01,83,4,0
F0026,MED-02,188,11,0
F0026,MED-03,148,4,0
F0026,MED-04,279,12,2
F0026,MED-05,227,12,1
F0026,MED-06,232,7,0
F0026,MED-07,238,8,5
F0026,MED-08,139,8,0
F0026,MED-09,133,5,0
F0026,MED-10,100,10,0
F0026,MED-11,167,5,0
F0026,MED-12,104,8,1
F0026,MED-13,116,12,5
F0026,MED-14,184,5,5
F0026,MED-15,65,3,2
F0026,MED-16,210,6,1
F0026,MED-17,220,11,1
F0026,MED-18,305,9,5
F0026,MED-19,111,11,2
F0026,MED-20,160,5,0
F0027,MED-01,22,2,2
F0027,MED-02,235,12,0
F0027,MED-03,73,6,0
F0027,MED-04,122,5,0
F0027,MED-05,143,7,0
F0027,MED-06,104,4,1
F0027,MED-07,157,7,5
F0027,MED-08,91,3,5
F0027,MED-09,164,10,2
F0027,MED-10,161,9,1
F0027,MED-11,123,5,0
F0027,MED-12,236,9,0
F0027,MED-13,246,11,2
F0027,MED-14,123,4,0
F0027,MED-15,57,3,2
F0027,MED-16,184,6,1
F0027,MED-17,110,5,0
F0027,MED-18,131,4,0
F0027,MED-19,164,8,5
F0027,MED-20,38,2,2
F0028,MED-01,253,16,0
F0028,MED-02,0,7,0
F0028,MED-03,56,6,0
F0028,MED-04,83,4,0
F0028,MED-05,0,3,0
F0028,MED-06,44,2,0
F0028,MED-07,75,8,0
F0028,MED-08,110,9,0
F0028,MED-09,112,16,0
F0028,MED-10,76,6,0
F0028,MED-11,35,2,0
F0028,MED-12,33,2,0
F0028,MED-13,43,4,0
F0028,MED-14,177,9,0
F0028,MED-15,53,2,0
F0028,MED-16,18,3,0
F0028,MED-17,30,3,0
F0028,MED-18,69,5,0
F0028,MED-19,0,9,0
F0028,MED-20,69,3,0
F0029,MED-01,34,2,0
F0029,MED-02,31,4,2
F0029,MED-03,64,3,0
F0029,MED-04,52,2,1
F0029,MED-05,360,12,5
F0029,MED-06,303,10,0
F0029,MED-07,56,3,5
F0029,MED-08,332,13,0
F0029,MED-09,406,16,0
F0029,MED-10,70,3,0
F0029,MED-11,63,4,0
F0029,MED-12,133,7,0
F0029,MED-13,194,9,0
F0029,MED-14,35,2,0
F0029,MED-15,212,8,0
F0029,MED-16,292,14,0
F0029,MED-17,234,10,1
F0029,MED-18,147,8,2
F0029,MED-19,227,16,1
F0029,MED-20,68,3,5
F0030,MED-01,29,3,1
F0030,MED-02,164,7,2
F0030,MED-03,196,7,2
F0030,MED-04,93,4,0
F0030,MED-05,286,14,5
F0030,MED-06,51,2,0
F0030,MED-07,86,5,0
F0030,MED-08,176,14,2
F0030,MED-09,266,16,1
F0030,MED-10,209,7,0
F0030,MED-11,127,9,0
F0030,MED-12,131,5,1
F0030,MED-13,147,10,1
F0030,MED-14,146,4,0
F0030,MED-15,117,9,0
F0030,MED-16,544,15,0
F0030,MED-17,44,2,2
F0030,MED-18,73,3,0
F0030,MED-19,161,10,5
F0030,MED-20,256,8,0
F0031,MED-01,268,13,1
F0031,MED-02,57,2,2
F0031,MED-03,115,5,1
F0031,MED-04,78,3,0
F0031,MED-05,300,10,0
F0031,MED-06,238,10,2
F0031,MED-07,110,4,1
F0031,MED-08,57,2,0
F0031,MED-09,318,14,1
F0031,MED-10,179,6,0
F0031,MED-11,95,3,0
F0031,MED-12,61,4,0
F0031,MED-13,150,9,2
F0031,MED-14,16,1,1
F0031,MED-15,167,5,0
F0031,MED-16,379,16,0
F0031,MED-17,177,8,0
F0031,MED-18,141,8,1
F0031,MED-19,265,12,0
F0031,MED-20,30,1,0
F0032,MED-01,76,3,5
F0032,MED-02,250,8,5
F0032,MED-03,91,5,1
F0032,MED-04,138,4,2
F0032,MED-05,43,2,0
F0032,MED-06,185,8,0
F0032,MED-07,87,4,0
F0032,MED-08,266,14,0
F0032,MED-09,267,11,0
F0032,MED-10,79,3,2
F0032,MED-11,81,10,0
F0032,MED-12,138,8,5
F0032,MED-13,54,3,1
F0032,MED-14,54,2,5
F0032,MED-15,352,11,0
F0032,MED-16,58,3,5
F0032,MED-17,209,9,2
F0032,MED-18,213,9,0
F0032,MED-19,61,3,5
F0032,MED-20,37,2,1
F0033,MED-01,64,4,0
F0033,MED-02,30,2,0
F0033,MED-03,56,2,0
F0033,MED-04,157,6,0
F0033,MED-05,81,5,0
F0033,MED-06,239,10,0
F0033,MED-07,391,12,0
F0033,MED-08,125,4,5
F0033,MED-09,89,6,2
F0033,MED-10,30,2,1
F0033,MED-11,159,5,0
F0033,MED-12,38,2,0
F0033,MED-13,42,7,2
F0033,MED-14,215,9,0
F0033,MED-15,59,6,0
F0033,MED-16,178,7,1
F0033,MED-17,253,8,0
F0033,MED-18,202,13,0
F0033,MED-19,201,12,5
F0033,MED-20,22,2,5
F0034,MED-01,340,15,0
F0034,MED-02,190,7,0
F0034,MED-03,21,1,2
F0034,MED-04,294,11,5
F0034,MED-05,333,12,2
F0034,MED-06,85,6,0
F0034,MED-07,138,5,2
F0034,MED-08,124,6,0
F0034,MED-09,129,4,5
F0034,MED-10,87,5,0
F0034,MED-11,116,6,0
F0034,MED-12,215,10,0
F0034,MED-13,235,9,1
F0034,MED-14,134,7,0
F0034,MED-15,61,2,0
F0034,MED-16,564,17,1
F0034,MED-17,124,9,1
F0034,MED-18,52,5,0
F0034,MED-19,70,14,0
F0034,MED-20,187,7,0
F0035,MED-01,204,6,1
F0035,MED-02,58,4,2
F0035,MED-03,89,7,0
F0035,MED-04,151,6,1
F0035,MED-05,208,13,0
F0035,MED-06,167,9,5
F0035,MED-07,260,8,1
F0035,MED-08,31,2,0
F0035,MED-09,154,8,0
F0035,MED-10,159,4,2
F0035,MED-11,127,8,0
F0035,MED-12,66,4,2
F0035,MED-13,305,9,0
F0035,MED-14,111,8,0
F0035,MED-15,256,9,5
F0035,MED-16,223,11,5
F0035,MED-17,231,6,0
F0035,MED-18,140,5,0
F0035,MED-19,156,5,0
F0035,MED-20,97,3,5
F0036,MED-01,516,15,1
F0036,MED-02,241,13,1
F0036,MED-03,25,1,1
F0036,MED-04,150,6,2
F0036,MED-05,93,9,2
F0036,MED-06,22,2,2
F0036,MED-07,233,9,0
F0036,MED-08,54,2,0
F0036,MED-09,431,17,2
F0036,MED-10,150,5,2
F0036,MED-11,123,11,0
F0036,MED-12,161,8,1
F0036,MED-13,92,9,5
F0036,MED-14,49,2,0
F0036,MED-15,132,9,0
F0036,MED-16,67,5,5
F0036,MED-17,111,5,0
F0036,MED-18,69,8,0
F0036,MED-19,364,15,0
F0036,MED-20,159,7,1
F0037,MED-01,78,3,2
F0037,MED-02,61,3,0
F0037,MED-03,28,1,0
F0037,MED-04,80,4,0
F0037,MED-05,135,9,5
F0037,MED-06,54,2,0
F0037,MED-07,84,7,0
F0037,MED-08,164,9,0
F0037,MED-09,160,8,1
F0037,MED-10,200,7,1
F0037,MED-11,152,11,5
F0037,MED-12,186,10,0
F0037,MED-13,350,11,2
F0037,MED-14,111,9,5
F0037,MED-15,237,12,0
F0037,MED-16,301,11,0
F0037,MED-17,111,4,0
F0037,MED-18,338,13,5
F0037,MED-19,166,9,0
F0037,MED-20,35,2,0
F0038,MED-01,90,5,0
F0038,MED-02,185,10,0
F0038,MED-03,225,8,1
F0038,MED-04,109,5,0
F0038,MED-05,111,4,0
F0038,MED-06,318,10,0
F0038,MED-07,52,2,0
F0038,MED-08,156,5,0
F0038,MED-09,249,12,0
F0038,MED-10,138,8,1
F0038,MED-11,96,3,0
F0038,MED-12,107,10,1
F0038,MED-13,114,4,5
F0038,MED-14,205,8,0
F0038,MED-15,253,8,0
F0038,MED-16,209,8,0
F0038,MED-17,39,3,0
F0038,MED-18,174,12,0
F0038,MED-19,247,13,0
F0038,MED-20,50,3,5
F0039,MED-01,207,11,0
F0039,MED-02,0,8,0
F0039,MED-03,213,7,0
F0039,MED-04,8,7,0
F0039,MED-05,9,6,0
F0039,MED-06,115,9,0
F0039,MED-07,126,13,0
F0039,MED-08,118,10,0
F0039,MED-09,336,15,0
F0039,MED-10,23,2,0
F0039,MED-11,43,2,0
F0039,MED-12,109,6,0
F0039,MED-13,29,2,0
F0039,MED-14,89,3,0
F0039,MED-15,101,5,0
F0039,MED-16,72,4,0
F0039,MED-17,141,7,0
F0039,MED-18,18,3,0
F0039,MED-19,63,10,0
F0039,MED-20,24,5,0
F0040,MED-01,79,4,2
F0040,MED-02,234,9,5
F0040,MED-03,226,9,5
F0040,MED-04,265,9,2
F0040,MED-05,336,11,2
F0040,MED-06,30,2,0
F0040,MED-07,279,9,1
F0040,MED-08,260,9,0
F0040,MED-09,160,14,5
F0040,MED-10,156,8,0
F0040,MED-11,106,5,1
F0040,MED-12,207,11,2
F0040,MED-13,309,10,1
F0040,MED-14,78,9,2
F0040,MED-15,87,6,5
F0040,MED-16,149,7,1
F0040,MED-17,293,12,1
F0040,MED-18,145,8,0
F0040,MED-19,293,10,0
F0040,MED-20,287,10,5
F0041,MED-01,220,14,0
F0041,MED-02,201,13,5
F0041,MED-03,130,6,2
F0041,MED-04,74,5,0
F0041,MED-05,104,4,1
F0041,MED-06,122,8,1
F0041,MED-07,118,6,5
F0041,MED-08,296,13,1
F0041,MED-09,144,11,0
F0041,MED-10,138,8,0
F0041,MED-11,49,2,0
F0041,MED-12,116,6,1
F0041,MED-13,104,8,1
F0041,MED-14,28,1,5
F0041,MED-15,34,2,1
F0041,MED-16,50,2,0
F0041,MED-17,141,6,0
F0041,MED-18,276,12,0
F0041,MED-19,274,9,5
F0041,MED-20,269,9,0
F0042,MED-01,148,4,0
F0042,MED-02,64,5,0
F0042,MED-03,36,2,0
F0042,MED-04,153,8,1
F0042,MED-05,240,12,0
F0042,MED-06,313,11,0
F0042,MED-07,98,5,0
F0042,MED-08,201,16,0
F0042,MED-09,120,7,0
F0042,MED-10,154,9,1
F0042,MED-11,75,3,0
F0042,MED-12,98,6,2
F0042,MED-13,244,12,1
F0042,MED-14,270,9,5
F0042,MED-15,157,11,5
F0042,MED-16,105,7,2
F0042,MED-17,167,6,2
F0042,MED-18,282,10,0
F0042,MED-19,183,5,1
F0042,MED-20,101,3,0
F0043,MED-01,127,4,2
F0043,MED-02,316,13,0
F0043,MED-03,78,3,1
F0043,MED-04,248,10,0
F0043,MED-05,97,6,0
F0043,MED-06,301,12,2
F0043,MED-07,69,5,2
F0043,MED-08,414,14,0
F0043,MED-09,367,14,0
F0043,MED-10,102,7,0
F0043,MED-11,179,9,0
F0043,MED-12,166,10,0
F0043,MED-13,158,8,1
F0043,MED-14,29,1,0
F0043,MED-15,218,8,0
F0043,MED-16,100,9,0
F0043,MED-17,204,8,0
F0043,MED-18,111,6,5
F0043,MED-19,220,8,0
F0043,MED-20,49,2,0
F0044,MED-01,203,10,0
F0044,MED-02,37,4,0
F0044,MED-03,164,9,5
F0044,MED-04,338,11,0
F0044,MED-05,49,2,1
F0044,MED-06,112,6,2
F0044,MED-07,84,9,0
F0044,MED-08,499,17,5
F0044,MED-09,144,17,0
F0044,MED-10,146,7,0
F0044,MED-11,116,11,5
F0044,MED-12,145,9,2
F0044,MED-13,158,9,0
F0044,MED-14,49,2,1
F0044,MED-15,111,7,2
F0044,MED-16,464,14,0
F0044,MED-17,134,5,0
F0044,MED-18,50,4,0
F0044,MED-19,240,15,1
F0044,MED-20,43,2,5
F0045,MED-01,359,12,0
F0045,MED-02,100,4,0
F0045,MED-03,15,2,0
F0045,MED-04,138,8,2
F0045,MED-05,53,2,0
F0045,MED-06,58,2,0
F0045,MED-07,180,11,1
F0045,MED-08,205,9,5
F0045,MED-09,155,13,5
F0045,MED-10,128,7,0
F0045,MED-11,289,11,0
F0045,MED-12,39,2,2
F0045,MED-13,39,6,5
F0045,MED-14,55,3,2
F0045,MED-15,206,8,0
F0045,MED-16,129,8,0
F0045,MED-17,66,4,0
F0045,MED-18,171,9,5
F0045,MED-19,140,8,2
F0045,MED-20,47,3,1
F0046,MED-01,286,8,0
F0046,MED-02,93,3,1
F0046,MED-03,184,6,1
F0046,MED-04,162,10,0
F0046,MED-05,272,13,0
F0046,MED-06,189,9,5
F0046,MED-07,74,4,1
F0046,MED-08,299,14,5
F0046,MED-09,252,11,0
F0046,MED-10,68,3,0
F0046,MED-11,185,6,0
F0046,MED-12,42,2,5
F0046,MED-13,156,6,0
F0046,MED-14,84,4,5
F0046,MED-15,144,5,0
F0046,MED-16,74,6,1
F0046,MED-17,231,11,0
F0046,MED-18,106,6,0
F0046,MED-19,207,7,0
F0046,MED-20,167,9,0
F0047,MED-01,220,13,0
F0047,MED-02,330,11,0
F0047,MED-03,73,3,1
F0047,MED-04,33,4,0
F0047,MED-05,18,2,0
F0047,MED-06,7,1,0
F0047,MED-07,251,10,0
F0047,MED-08,178,8,1
F0047,MED-09,222,16,0
F0047,MED-10,105,4,5
F0047,MED-11,339,12,0
F0047,MED-12,189,8,1
F0047,MED-13,41,3,0
F0047,MED-14,242,8,5
F0047,MED-15,177,5,2
F0047,MED-16,123,9,0
F0047,MED-17,110,8,5
F0047,MED-18,257,11,2
F0047,MED-19,158,11,1
F0047,MED-20,50,2,0
F0048,MED-01,206,6,5
F0048,MED-02,206,8,2
F0048,MED-03,101,7,5
F0048,MED-04,28,2,1
F0048,MED-05,130,12,0
F0048,MED-06,168,7,0
F0048,MED-07,226,13,5
F0048,MED-08,262,9,1
F0048,MED-09,191,8,0
F0048,MED-10,123,5,0
F0048,MED-11,319,11,2
F0048,MED-12,146,10,0
F0048,MED-13,107,6,2
F0048,MED-14,264,8,5
F0048,MED-15,61,3,0
F0048,MED-16,253,9,0
F0048,MED-17,310,13,1
F0048,MED-18,304,13,0
F0048,MED-19,326,10,5
F0048,MED-20,177,9,0
F0049,MED-01,145,6,2
F0049,MED-02,227,9,0
F0049,MED-03,158,9,1
F0049,MED-04,97,4,2
F0049,MED-05,100,9,5
F0049,MED-06,313,9,0
F0049,MED-07,106,8,0
F0049,MED-08,543,17,1
F0049,MED-09,394,16,2
F0049,MED-10,19,1,2
F0049,MED-11,340,11,1
F0049,MED-12,260,10,0
F0049,MED-13,70,6,1
F0049,MED-14,134,8,0
F0049,MED-15,254,11,0
F0049,MED-16,55,3,0
F0049,MED-17,41,2,5
F0049,MED-18,242,9,0
F0049,MED-19,229,7,5
F0049,MED-20,77,4,2
F0050,MED-01,50,5,1
F0050,MED-02,208,7,0
F0050,MED-03,51,3,5
F0050,MED-04,79,5,0
F0050,MED-05,157,9,0
F0050,MED-06,113,5,0
F0050,MED-07,391,13,5
F0050,MED-08,419,16,2
F0050,MED-09,361,11,0
F0050,MED-10,112,10,0
F0050,MED-11,267,12,5
F0050,MED-12,249,9,1
F0050,MED-13,129,5,0
F0050,MED-14,127,7,5
F0050,MED-15,365,11,0
F0050,MED-16,183,5,5
F0050,MED-17,240,9,1
F0050,MED-18,116,7,1
F0050,MED-19,175,7,0
F0050,MED-20,227,7,1
F0051,MED-01,327,14,1
F0051,MED-02,169,7,0
F0051,MED-03,94,3,1
F0051,MED-04,173,10,5
F0051,MED-05,445,14,0
F0051,MED-06,215,9,5
F0051,MED-07,244,8,1
F0051,MED-08,240,10,0
F0051,MED-09,270,15,0
F0051,MED-10,277,9,0
F0051,MED-11,192,10,2
F0051,MED-12,262,12,0
F0051,MED-13,214,7,2
F0051,MED-14,31,2,0
F0051,MED-15,51,3,2
F0051,MED-16,197,10,2
F0051,MED-17,104,8,2
F0051,MED-18,183,11,1
F0051,MED-19,242,13,5
F0051,MED-20,108,4,2
F0052,MED-01,405,14,2
F0052,MED-02,326,12,0
F0052,MED-03,108,6,0
F0052,MED-04,366,11,5
F0052,MED-05,21,1,5
F0052,MED-06,68,3,0
F0052,MED-07,268,12,5
F0052,MED-08,54,3,0
F0052,MED-09,411,15,1
F0052,MED-10,102,4,0
F0052,MED-11,88,7,1
F0052,MED-12,115,4,1
F0052,MED-13,245,11,0
F0052,MED-14,195,9,1
F0052,MED-15,46,4,1
F0052,MED-16,348,14,2
F0052,MED-17,191,7,2
F0052,MED-18,94,8,2
F0052,MED-19,152,7,5
F0052,MED-20,127,5,0
F0053,MED-01,252,11,1
F0053,MED-02,134,10,0
F0053,MED-03,193,9,0
F0053,MED-04,183,11,0
F0053,MED-05,251,9,0
F0053,MED-06,134,4,0
F0053,MED-07,71,4,0
F0053,MED-08,343,16,1
F0053,MED-09,397,16,0
F0053,MED-10,224,8,1
F0053,MED-11,194,8,2
F0053,MED-12,37,2,1
F0053,MED-13,168,6,0
F0053,MED-14,177,5,0
F0053,MED-15,303,10,0
F0053,MED-16,140,10,2
F0053,MED-17,93,3,0
F0053,MED-18,281,10,5
F0053,MED-19,157,15,1
F0053,MED-20,222,9,5
F0054,MED-01,74,4,2
F0054,MED-02,165,6,2
F0054,MED-03,135,7,0
F0054,MED-04,307,10,5
F0054,MED-05,89,4,5
F0054,MED-06,200,6,0
F0054,MED-07,213,12,0
F0054,MED-08,158,6,0
F0054,MED-09,91,5,5
F0054,MED-10,15,1,0
F0054,MED-11,223,11,0
F0054,MED-12,76,4,5
F0054,MED-13,110,6,1
F0054,MED-14,141,5,5
F0054,MED-15,300,12,0
F0054,MED-16,225,7,0
F0054,MED-17,353,11,0
F0054,MED-18,215,10,5
F0054,MED-19,93,6,0
F0054,MED-20,90,3,1
F0055,MED-01,177,13,0
F0055,MED-02,275,13,0
F0055,MED-03,112,8,0
F0055,MED-04,299,10,5
F0055,MED-05,450,13,5
F0055,MED-06,94,3,2
F0055,MED-07,43,3,0
F0055,MED-08,222,6,0
F0055,MED-09,133,5,0
F0055,MED-10,97,6,0
F0055,MED-11,50,3,2
F0055,MED-12,158,9,5
F0055,MED-13,112,4,2
F0055,MED-14,34,2,2
F0055,MED-15,86,7,0
F0055,MED-16,140,5,0
F0055,MED-17,29,2,0
F0055,MED-18,252,9,1
F0055,MED-19,309,9,1
F0055,MED-20,24,1,2
F0056,MED-01,142,6,0
F0056,MED-02,191,12,0
F0056,MED-03,201,7,0
F0056,MED-04,30,3,2
F0056,MED-05,178,11,0
F0056,MED-06,45,2,0
F0056,MED-07,312,10,0
F0056,MED-08,326,12,0
F0056,MED-09,428,16,1
F0056,MED-10,129,5,0
F0056,MED-11,118,11,2
F0056,MED-12,159,8,5
F0056,MED-13,137,7,0
F0056,MED-14,132,7,0
F0056,MED-15,119,4,0
F0056,MED-16,48,2,2
F0056,MED-17,38,7,0
F0056,MED-18,244,10,5
F0056,MED-19,272,8,0
F0056,MED-20,48,3,5
F0057,MED-01,118,4,0
F0057,MED-02,255,10,5
F0057,MED-03,74,2,2
F0057,MED-04,119,6,0
F0057,MED-05,276,12,2
F0057,MED-06,278,11,2
F0057,MED-07,157,8,5
F0057,MED-08,135,8,0
F0057,MED-09,206,9,5
F0057,MED-10,50,6,0
F0057,MED-11,300,9,1
F0057,MED-12,127,10,1
F0057,MED-13,49,4,1
F0057,MED-14,52,3,0
F0057,MED-15,66,10,5
F0057,MED-16,87,5,2
F0057,MED-17,343,13,0
F0057,MED-18,99,4,0
F0057,MED-19,172,7,5
F0057,MED-20,32,2,2
F0058,MED-01,57,9,0
F0058,MED-02,171,5,0
F0058,MED-03,25,1,1
F0058,MED-04,408,12,5
F0058,MED-05,63,2,0
F0058,MED-06,79,3,0
F0058,MED-07,317,11,2
F0058,MED-08,297,10,0
F0058,MED-09,106,13,0
F0058,MED-10,255,8,2
F0058,MED-11,102,5,2
F0058,MED-12,365,12,5
F0058,MED-13,120,6,0
F0058,MED-14,15,1,2
F0058,MED-15,137,7,0
F0058,MED-16,129,6,0
F0058,MED-17,372,13,0
F0058,MED-18,92,6,2
F0058,MED-19,243,13,0
F0058,MED-20,25,2,0
F0059,MED-01,256,9,1
F0059,MED-02,313,10,0
F0059,MED-03,57,5,0
F0059,MED-04,87,4,5
F0059,MED-05,131,6,0
F0059,MED-06,282,9,5
F0059,MED-07,102,4,0
F0059,MED-08,49,2,1
F0059,MED-09,211,12,2
F0059,MED-10,105,6,0
F0059,MED-11,158,9,2
F0059,MED-12,188,11,2
F0059,MED-13,76,7,0
F0059,MED-14,155,8,2
F0059,MED-15,84,7,0
F0059,MED-16,234,11,2
F0059,MED-17,206,13,1
F0059,MED-18,58,3,5
F0059,MED-19,330,12,0
F0059,MED-20,62,4,0
F0060,MED-01,329,15,0
F0060,MED-02,52,3,0
F0060,MED-03,36,4,5
F0060,MED-04,67,5,1
F0060,MED-05,103,7,0
F0060,MED-06,18,2,5
F0060,MED-07,201,8,0
F0060,MED-08,64,8,0
F0060,MED-09,153,8,0
F0060,MED-10,52,2,1
F0060,MED-11,304,11,5
F0060,MED-12,42,2,1
F0060,MED-13,99,6,0
F0060,MED-14,20,1,0
F0060,MED-15,69,5,2
F0060,MED-16,89,3,0
F0060,MED-17,372,12,1
F0060,MED-18,231,11,0
F0060,MED-19,144,8,0
F0060,MED-20,30,2,0
F0061,MED-01,197,10,0
F0061,MED-02,32,1,2
F0061,MED-03,285,9,0
F0061,MED-04,121,7,0
F0061,MED-05,58,4,2
F0061,MED-06,91,3,0
F0061,MED-07,146,11,2
F0061,MED-08,238,8,0
F0061,MED-09,368,14,0
F0061,MED-10,41,2,0
F0061,MED-11,89,5,0
F0061,MED-12,271,8,2
F0061,MED-13,221,9,0
F0061,MED-14,155,8,0
F0061,MED-15,104,3,5
F0061,MED-16,253,8,2
F0061,MED-17,120,4,1
F0061,MED-18,191,13,0
F0061,MED-19,55,3,0
F0061,MED-20,111,5,0
F0062,MED-01,196,7,5
F0062,MED-02,299,14,5
F0062,MED-03,173,7,0
F0062,MED-04,131,8,0
F0062,MED-05,122,4,0
F0062,MED-06,123,8,2
F0062,MED-07,271,9,0
F0062,MED-08,189,12,1
F0062,MED-09,106,4,1
F0062,MED-10,42,2,0
F0062,MED-11,126,9,0
F0062,MED-12,104,7,0
F0062,MED-13,120,4,0
F0062,MED-14,75,4,0
F0062,MED-15,152,6,0
F0062,MED-16,271,15,0
F0062,MED-17,93,6,5
F0062,MED-18,216,13,5
F0062,MED-19,214,8,0
F0062,MED-20,59,3,0
F0063,MED-01,202,7,1
F0063,MED-02,75,7,1
F0063,MED-03,59,2,0
F0063,MED-04,151,9,0
F0063,MED-05,181,6,2
F0063,MED-06,32,2,5
F0063,MED-07,41,4,5
F0063,MED-08,249,8,5
F0063,MED-09,274,15,0
F0063,MED-10,43,2,0
F0063,MED-11,268,8,2
F0063,MED-12,87,4,1
F0063,MED-13,126,6,0
F0063,MED-14,141,6,5
F0063,MED-15,51,2,5
F0063,MED-16,83,4,0
F0063,MED-17,351,12,5
F0063,MED-18,397,13,0
F0063,MED-19,120,5,0
F0063,MED-20,206,8,0
F0064,MED-01,108,5,5
F0064,MED-02,295,13,0
F0064,MED-03,55,7,2
F0064,MED-04,148,7,1
F0064,MED-05,207,9,1
F0064,MED-06,264,8,0
F0064,MED-07,285,13,5
F0064,MED-08,108,4,5
F0064,MED-09,196,9,0
F0064,MED-10,57,2,0
F0064,MED-11,161,6,0
F0064,MED-12,296,10,2
F0064,MED-13,55,5,5
F0064,MED-14,106,5,0
F0064,MED-15,142,10,0
F0064,MED-16,150,5,2
F0064,MED-17,87,7,2
F0064,MED-18,122,7,0
F0064,MED-19,135,10,5
F0064,MED-20,109,5,1
F0065,MED-01,358,12,0
F0065,MED-02,126,5,5
F0065,MED-03,187,5,0
F0065,MED-04,168,10,5
F0065,MED-05,61,4,0
F0065,MED-06,325,10,0
F0065,MED-07,95,3,1
F0065,MED-08,159,7,0
F0065,MED-09,63,2,1
F0065,MED-10,149,5,5
F0065,MED-11,127,7,0
F0065,MED-12,115,8,0
F0065,MED-13,104,10,0
F0065,MED-14,200,7,0
F0065,MED-15,219,7,5
F0065,MED-16,53,3,1
F0065,MED-17,190,8,0
F0065,MED-18,308,13,0
F0065,MED-19,374,17,0
F0065,MED-20,202,9,0
F0066,MED-01,314,14,5
F0066,MED-02,217,14,0
F0066,MED-03,59,3,1
F0066,MED-04,226,12,0
F0066,MED-05,307,13,1
F0066,MED-06,44,4,0
F0066,MED-07,20,1,1
F0066,MED-08,180,7,0
F0066,MED-09,146,9,5
F0066,MED-10,87,4,5
F0066,MED-11,102,3,0
F0066,MED-12,31,3,5
F0066,MED-13,130,5,1
F0066,MED-14,23,3,2
F0066,MED-15,33,2,1
F0066,MED-16,51,5,0
F0066,MED-17,271,8,0
F0066,MED-18,201,8,5
F0066,MED-19,322,17,0
F0066,MED-20,48,3,5
F0067,MED-01,139,11,1
F0067,MED-02,112,5,1
F0067,MED-03,84,6,1
F0067,MED-04,98,3,5
F0067,MED-05,328,11,0
F0067,MED-06,202,8,0
F0067,MED-07,135,8,0
F0067,MED-08,381,14,5
F0067,MED-09,100,3,1
F0067,MED-10,94,4,1
F0067,MED-11,56,2,2
F0067,MED-12,194,11,0
F0067,MED-13,178,7,1
F0067,MED-14,263,8,2
F0067,MED-15,246,9,0
F0067,MED-16,337,13,2
F0067,MED-17,226,13,1
F0067,MED-18,162,11,0
F0067,MED-19,158,12,5
F0067,MED-20,97,8,0
F0068,MED-01,190,15,0
F0068,MED-02,228,10,0
F0068,MED-03,185,9,0
F0068,MED-04,16,1,0
F0068,MED-05,164,6,0
F0068,MED-06,208,6,1
F0068,MED-07,29,2,0
F0068,MED-08,495,16,5
F0068,MED-09,477,16,0
F0068,MED-10,204,8,0
F0068,MED-11,107,3,2
F0068,MED-12,309,10,0
F0068,MED-13,55,2,0
F0068,MED-14,97,7,2
F0068,MED-15,89,7,2
F0068,MED-16,107,12,0
F0068,MED-17,252,11,2
F0068,MED-18,211,10,2
F0068,MED-19,105,5,0
F0068,MED-20,146,8,0
F0069,MED-01,206,11,1
F0069,MED-02,46,2,0
F0069,MED-03,71,5,5
F0069,MED-04,94,6,1
F0069,MED-05,71,7,0
F0069,MED-06,92,7,2
F0069,MED-07,154,9,0
F0069,MED-08,125,5,0
F0069,MED-09,190,9,0
F0069,MED-10,25,2,2
F0069,MED-11,25,4,5
F0069,MED-12,173,5,1
F0069,MED-13,203,7,1
F0069,MED-14,253,9,0
F0069,MED-15,81,5,0
F0069,MED-16,231,15,1
F0069,MED-17,210,13,0
F0069,MED-18,154,7,0
F0069,MED-19,222,14,1
F0069,MED-20,171,8,2
F0070,MED-01,45,2,0
F0070,MED-02,91,11,0
F0070,MED-03,36,1,0
F0070,MED-04,29,2,2
F0070,MED-05,192,9,0
F0070,MED-06,191,7,5
F0070,MED-07,205,13,1
F0070,MED-08,280,14,0
F0070,MED-09,94,4,1
F0070,MED-10,24,2,0
F0070,MED-11,154,7,0
F0070,MED-12,162,7,5
F0070,MED-13,195,13,0
F0070,MED-14,40,2,0
F0070,MED-15,186,10,2
F0070,MED-16,65,2,0
F0070,MED-17,80,4,1
F0070,MED-18,135,7,0
F0070,MED-19,37,3,5
F0070,MED-20,104,6,0
F0071,MED-01,416,14,5
F0071,MED-02,81,3,2
F0071,MED-03,119,9,5
F0071,MED-04,37,2,0
F0071,MED-05,288,10,0
F0071,MED-06,111,6,5
F0071,MED-07,163,6,5
F0071,MED-08,189,12,5
F0071,MED-09,253,13,0
F0071,MED-10,71,2,0
F0071,MED-11,30,1,0
F0071,MED-12,229,8,5
F0071,MED-13,416,14,0
F0071,MED-14,101,6,2
F0071,MED-15,166,6,2
F0071,MED-16,48,2,0
F0071,MED-17,260,11,2
F0071,MED-18,62,7,0
F0071,MED-19,407,13,5
F0071,MED-20,180,7,2
F0072,MED-01,147,10,2
F0072,MED-02,243,9,0
F0072,MED-03,18,2,0
F0072,MED-04,140,7,2
F0072,MED-05,97,5,1
F0072,MED-06,88,10,1
F0072,MED-07,73,6,5
F0072,MED-08,186,7,0
F0072,MED-09,143,11,5
F0072,MED-10,22,1,2
F0072,MED-11,329,12,0
F0072,MED-12,82,5,1
F0072,MED-13,260,8,2
F0072,MED-14,192,7,0
F0072,MED-15,35,4,2
F0072,MED-16,261,13,2
F0072,MED-17,64,4,0
F0072,MED-18,286,12,2
F0072,MED-19,377,13,2
F0072,MED-20,108,9,2
F0073,MED-01,279,12,1
F0073,MED-02,25,3,0
F0073,MED-03,122,6,0
F0073,MED-04,281,12,0
F0073,MED-05,210,8,2
F0073,MED-06,26,1,1
F0073,MED-07,78,7,0
F0073,MED-08,131,7,2
F0073,MED-09,273,8,5
F0073,MED-10,134,5,0
F0073,MED-11,172,7,1
F0073,MED-12,200,9,0
F0073,MED-13,52,2,2
F0073,MED-14,185,7,0
F0073,MED-15,37,3,0
F0073,MED-16,345,11,0
F0073,MED-17,346,13,2
F0073,MED-18,57,14,0
F0073,MED-19,277,11,5
F0073,MED-20,71,4,1
F0074,MED-01,256,13,2
F0074,MED-02,359,12,2
F0074,MED-03,236,9,5
F0074,MED-04,163,6,0
F0074,MED-05,18,1,0
F0074,MED-06,196,7,2
F0074,MED-07,270,14,2
F0074,MED-08,48,4,1
F0074,MED-09,276,11,0
F0074,MED-10,129,8,0
F0074,MED-11,282,12,1
F0074,MED-12,27,2,0
F0074,MED-13,15,2,1
F0074,MED-14,176,5,0
F0074,MED-15,132,7,2
F0074,MED-16,100,3,0
F0074,MED-17,399,12,5
F0074,MED-18,81,4,0
F0074,MED-19,128,8,0
F0074,MED-20,181,9,1
F0075,MED-01,364,14,1
F0075,MED-02,380,13,1
F0075,MED-03,117,4,0
F0075,MED-04,104,7,2
F0075,MED-05,85,5,1
F0075,MED-06,172,7,5
F0075,MED-07,27,2,1
F0075,MED-08,240,14,5
F0075,MED-09,249,9,1
F0075,MED-10,65,5,0
F0075,MED-11,170,6,2
F0075,MED-12,214,12,2
F0075,MED-13,62,2,5
F0075,MED-14,50,5,0
F0075,MED-15,187,8,0
F0075,MED-16,383,14,2
F0075,MED-17,359,11,0
F0075,MED-18,126,10,2
F0075,MED-19,168,6,0
F0075,MED-20,35,7,0
F0076,MED-01,201,9,0
F0076,MED-02,37,5,5
F0076,MED-03,118,5,0
F0076,MED-04,31,2,1
F0076,MED-05,184,13,0
F0076,MED-06,287,12,2
F0076,MED-07,112,5,1
F0076,MED-08,304,17,0
F0076,MED-09,118,5,0
F0076,MED-10,67,4,0
F0076,MED-11,124,8,0
F0076,MED-12,155,12,0
F0076,MED-13,25,3,0
F0076,MED-14,61,7,2
F0076,MED-15,102,3,2
F0076,MED-16,426,14,0
F0076,MED-17,80,3,0
F0076,MED-18,82,3,2
F0076,MED-19,173,6,5
F0076,MED-20,53,5,0
F0077,MED-01,44,3,0
F0077,MED-02,23,2,0
F0077,MED-03,150,8,2
F0077,MED-04,217,11,1
F0077,MED-05,229,12,5
F0077,MED-06,44,4,0
F0077,MED-07,46,2,2
F0077,MED-08,217,10,2
F0077,MED-09,230,9,0
F0077,MED-10,115,5,5
F0077,MED-11,57,5,0
F0077,MED-12,52,2,0
F0077,MED-13,287,9,1
F0077,MED-14,153,6,0
F0077,MED-15,179,9,2
F0077,MED-16,299,10,5
F0077,MED-17,109,4,0
F0077,MED-18,155,8,0
F0077,MED-19,115,8,2
F0077,MED-20,269,8,0
F0078,MED-01,60,2,0
F0078,MED-02,15,2,0
F0078,MED-03,263,9,1
F0078,MED-04,34,3,0
F0078,MED-05,222,7,1
F0078,MED-06,183,7,0
F0078,MED-07,249,12,5
F0078,MED-08,153,5,5
F0078,MED-09,487,15,0
F0078,MED-10,141,7,2
F0078,MED-11,59,4,1
F0078,MED-12,307,11,0
F0078,MED-13,34,3,2
F0078,MED-14,109,5,1
F0078,MED-15,185,10,0
F0078,MED-16,335,13,2
F0078,MED-17,58,4,1
F0078,MED-18,155,8,1
F0078,MED-19,137,9,2
F0078,MED-20,105,5,2
F0079,MED-01,103,4,5
F0079,MED-02,197,12,1
F0079,MED-03,21,1,2
F0079,MED-04,252,9,1
F0079,MED-05,81,6,0
F0079,MED-06,90,3,1
F0079,MED-07,146,11,0
F0079,MED-08,72,6,0
F0079,MED-09,115,8,0
F0079,MED-10,161,6,2
F0079,MED-11,48,3,0
F0079,MED-12,85,4,1
F0079,MED-13,76,4,2
F0079,MED-14,66,5,0
F0079,MED-15,64,6,0
F0079,MED-16,49,2,0
F0079,MED-17,53,2,0
F0079,MED-18,275,12,2
F0079,MED-19,276,11,0
F0079,MED-20,82,6,0
F0080,MED-01,18,6,0
F0080,MED-02,52,3,0
F0080,MED-03,150,7,0
F0080,MED-04,47,6,0
F0080,MED-05,224,14,0
F0080,MED-06,66,7,0
F0080,MED-07,0,5,0
F0080,MED-08,260,13,0
F0080,MED-09,169,13,0
F0080,MED-10,86,4,0
F0080,MED-11,112,11,0
F0080,MED-12,197,12,0
F0080,MED-13,0,11,0
F0080,MED-14,105,6,0
F0080,MED-15,228,7,0
F0080,MED-16,230,15,0
F0080,MED-17,129,11,0
F0080,MED-18,112,8,0
F0080,MED-19,79,16,0
F0080,MED-20,63,3,0
F0081,MED-01,29,1,2
F0081,MED-02,211,6,0
F0081,MED-03,28,1,0
F0081,MED-04,22,1,1
F0081,MED-05,81,3,2
F0081,MED-06,92,4,0
F0081,MED-07,23,2,5
F0081,MED-08,187,6,5
F0081,MED-09,126,4,5
F0081,MED-10,107,5,0
F0081,MED-11,138,4,5
F0081,MED-12,106,4,5
F0081,MED-13,21,2,1
F0081,MED-14,32,1,1
F0081,MED-15,64,4,2
F0081,MED-16,80,8,2
F0081,MED-17,79,3,0
F0081,MED-18,105,5,0
F0081,MED-19,76,5,0
F0081,MED-20,21,1,0
F0082,MED-01,33,2,0
F0082,MED-02,73,4,0
F0082,MED-03,104,5,1
F0082,MED-04,23,2,2
F0082,MED-05,38,4,1
F0082,MED-06,23,1,1
F0082,MED-07,123,4,1
F0082,MED-08,82,4,0
F0082,MED-09,102,4,0
F0082,MED-10,114,4,0
F0082,MED-11,58,5,0
F0082,MED-12,41,3,5
F0082,MED-13,138,6,2
F0082,MED-14,60,5,0
F0082,MED-15,108,6,0
F0082,MED-16,57,2,0
F0082,MED-17,210,6,5
F0082,MED-18,185,6,0
F0082,MED-19,69,4,2
F0082,MED-20,26,1,1
F0083,MED-01,43,2,2
F0083,MED-02,24,1,1
F0083,MED-03,66,4,0
F0083,MED-04,51,3,0
F0083,MED-05,129,5,1
F0083,MED-06,29,1,0
F0083,MED-07,56,4,2
F0083,MED-08,53,2,2
F0083,MED-09,115,4,0
F0083,MED-10,21,2,2
F0083,MED-11,62,5,1
F0083,MED-12,118,4,5
F0083,MED-13,217,7,1
F0083,MED-14,52,3,0
F0083,MED-15,73,3,0
F0083,MED-16,172,6,1
F0083,MED-17,185,6,5
F0083,MED-18,133,6,0
F0083,MED-19,37,3,2
F0083,MED-20,89,4,5
F0084,MED-01,80,3,1
F0084,MED-02,68,3,2
F0084,MED-03,52,3,0
F0084,MED-04,49,2,0
F0084,MED-05,54,4,0
F0084,MED-06,108,3,1
F0084,MED-07,113,5,1
F0084,MED-08,99,4,5
F0084,MED-09,157,8,0
F0084,MED-10,21,1,2
F0084,MED-11,127,5,0
F0084,MED-12,37,6,0
F0084,MED-13,54,2,5
F0084,MED-14,53,2,0
F0084,MED-15,31,1,0
F0084,MED-16,96,8,2
F0084,MED-17,17,2,1
F0084,MED-18,68,4,1
F0084,MED-19,143,8,2
F0084,MED-20,30,2,5
F0085,MED-01,176,6,5
F0085,MED-02,188,6,0
F0085,MED-03,52,2,5
F0085,MED-04,62,2,0
F0085,MED-05,152,5,2
F0085,MED-06,34,3,0
F0085,MED-07,175,7,5
F0085,MED-08,43,5,0
F0085,MED-09,24,1,5
F0085,MED-10,68,3,2
F0085,MED-11,114,5,0
F0085,MED-12,12,1,2
F0085,MED-13,155,4,5
F0085,MED-14,35,1,0
F0085,MED-15,63,4,0
F0085,MED-16,198,7,0
F0085,MED-17,106,6,0
F0085,MED-18,117,5,0
F0085,MED-19,84,3,0
F0085,MED-20,24,1,0
F0086,MED-01,125,6,0
F0086,MED-02,110,6,0
F0086,MED-03,95,4,1
F0086,MED-04,25,2,0
F0086,MED-05,54,6,0
F0086,MED-06,96,4,2
F0086,MED-07,68,2,5
F0086,MED-08,119,5,0
F0086,MED-09,167,6,1
F0086,MED-10,101,4,0
F0086,MED-11,37,2,2
F0086,MED-12,72,5,0
F0086,MED-13,60,2,1
F0086,MED-14,95,4,0
F0086,MED-15,165,5,1
F0086,MED-16,61,2,0
F0086,MED-17,56,2,0
F0086,MED-18,82,6,0
F0086,MED-19,63,3,5
F0086,MED-20,35,4,0
F0087,MED-01,46,2,5
F0087,MED-02,18,1,0
F0087,MED-03,32,1,5
F0087,MED-04,76,4,0
F0087,MED-05,69,4,0
F0087,MED-06,28,1,0
F0087,MED-07,53,7,0
F0087,MED-08,36,2,2
F0087,MED-09,72,2,0
F0087,MED-10,31,1,1
F0087,MED-11,80,3,0
F0087,MED-12,69,5,0
F0087,MED-13,16,1,0
F0087,MED-14,113,4,0
F0087,MED-15,121,5,0
F0087,MED-16,79,4,0
F0087,MED-17,59,3,1
F0087,MED-18,17,1,5
F0087,MED-19,31,2,0
F0087,MED-20,47,3,1
F0088,MED-01,29,2,0
F0088,MED-02,29,2,0
F0088,MED-03,28,3,2
F0088,MED-04,92,4,1
F0088,MED-05,142,5,1
F0088,MED-06,80,5,0
F0088,MED-07,68,3,0
F0088,MED-08,67,7,0
F0088,MED-09,162,7,0
F0088,MED-10,50,3,0
F0088,MED-11,186,6,5
F0088,MED-12,79,5,1
F0088,MED-13,148,6,0
F0088,MED-14,85,4,0
F0088,MED-15,132,4,0
F0088,MED-16,243,8,1
F0088,MED-17,81,3,0
F0088,MED-18,64,4,0
F0088,MED-19,77,3,1
F0088,MED-20,41,2,0
F0089,MED-01,111,7,1
F0089,MED-02,145,6,0
F0089,MED-03,18,1,1
F0089,MED-04,84,4,1
F0089,MED-05,38,2,5
F0089,MED-06,28,1,1
F0089,MED-07,65,5,0
F0089,MED-08,136,6,0
F0089,MED-09,94,6,5
F0089,MED-10,76,3,5
F0089,MED-11,19,1,2
F0089,MED-12,28,3,0
F0089,MED-13,31,1,0
F0089,MED-14,107,4,2
F0089,MED-15,52,3,2
F0089,MED-16,173,6,2
F0089,MED-17,100,5,0
F0089,MED-18,127,5,0
F0089,MED-19,103,7,0
F0089,MED-20,59,2,5
F0090,MED-01,169,8,1
F0090,MED-02,96,5,1
F0090,MED-03,67,4,0
F0090,MED-04,79,3,0
F0090,MED-05,30,1,1
F0090,MED-06,41,4,0
F0090,MED-07,96,3,1
F0090,MED-08,108,5,0
F0090,MED-09,32,2,2
F0090,MED-10,46,2,5
F0090,MED-11,45,2,0
F0090,MED-12,35,4,0
F0090,MED-13,68,5,0
F0090,MED-14,35,2,5
F0090,MED-15,69,3,0
F0090,MED-16,156,7,0
F0090,MED-17,54,2,0
F0090,MED-18,63,4,1
F0090,MED-19,130,8,1
F0090,MED-20,148,5,1
F0091,MED-01,107,8,1
F0091,MED-02,56,4,2
F0091,MED-03,90,3,0
F0091,MED-04,78,3,0
F0091,MED-05,27,4,0
F0091,MED-06,50,3,0
F0091,MED-07,54,2,0
F0091,MED-08,30,1,0
F0091,MED-09,129,4,1
F0091,MED-10,51,2,5
F0091,MED-11,42,2,0
F0091,MED-12,36,2,5
F0091,MED-13,22,1,0
F0091,MED-14,57,4,1
F0091,MED-15,55,6,1
F0091,MED-16,193,6,5
F0091,MED-17,113,4,0
F0091,MED-18,18,1,0
F0091,MED-19,206,8,0
F0091,MED-20,123,4,2
F0092,MED-01,51,2,2
F0092,MED-02,32,1,1
F0092,MED-03,55,2,1
F0092,MED-04,62,6,0
F0092,MED-05,82,3,1
F0092,MED-06,124,4,1
F0092,MED-07,159,6,0
F0092,MED-08,163,6,0
F0092,MED-09,101,6,5
F0092,MED-10,13,1,5
F0092,MED-11,150,5,5
F0092,MED-12,132,5,2
F0092,MED-13,87,5,0
F0092,MED-14,29,2,5
F0092,MED-15,104,4,2
F0092,MED-16,142,5,0
F0092,MED-17,18,1,5
F0092,MED-18,104,6,2
F0092,MED-19,95,3,5
F0092,MED-20,59,4,5
F0093,MED-01,52,7,1
F0093,MED-02,83,3,5
F0093,MED-03,54,2,0
F0093,MED-04,36,2,5
F0093,MED-05,63,7,1
F0093,MED-06,80,3,1
F0093,MED-07,45,3,0
F0093,MED-08,140,5,1
F0093,MED-09,81,4,0
F0093,MED-10,66,2,0
F0093,MED-11,28,3,0
F0093,MED-12,159,6,5
F0093,MED-13,113,6,2
F0093,MED-14,79,4,0
F0093,MED-15,97,5,0
F0093,MED-16,267,8,0
F0093,MED-17,138,6,1
F0093,MED-18,84,4,1
F0093,MED-19,165,5,5
F0093,MED-20,42,3,2
F0094,MED-01,85,5,1
F0094,MED-02,67,5,0
F0094,MED-03,21,1,0
F0094,MED-04,58,2,1
F0094,MED-05,87,3,1
F0094,MED-06,122,4,2
F0094,MED-07,93,6,2
F0094,MED-08,48,3,5
F0094,MED-09,191,7,2
F0094,MED-10,58,2,0
F0094,MED-11,137,5,1
F0094,MED-12,25,1,5
F0094,MED-13,92,3,1
F0094,MED-14,51,4,0
F0094,MED-15,42,2,0
F0094,MED-16,26,1,0
F0094,MED-17,85,3,2
F0094,MED-18,168,7,0
F0094,MED-19,104,4,0
F0094,MED-20,57,4,1
F0095,MED-01,15,1,0
F0095,MED-02,38,2,2
F0095,MED-03,110,4,0
F0095,MED-04,81,3,0
F0095,MED-05,44,7,2
F0095,MED-06,89,5,0
F0095,MED-07,166,5,2
F0095,MED-08,176,7,1
F0095,MED-09,87,4,0
F0095,MED-10,99,4,0
F0095,MED-11,41,2,5
F0095,MED-12,28,1,0
F0095,MED-13,153,5,1
F0095,MED-14,55,2,1
F0095,MED-15,124,6,0
F0095,MED-16,74,5,1
F0095,MED-17,153,5,2
F0095,MED-18,38,2,0
F0095,MED-19,64,4,0
F0095,MED-20,112,4,2
F0096,MED-01,65,3,1
F0096,MED-02,68,2,5
F0096,MED-03,53,2,0
F0096,MED-04,14,1,2
F0096,MED-05,25,1,5
F0096,MED-06,81,4,2
F0096,MED-07,235,7,0
F0096,MED-08,157,6,1
F0096,MED-09,204,6,0
F0096,MED-10,135,4,0
F0096,MED-11,90,4,5
F0096,MED-12,61,3,0
F0096,MED-13,32,1,1
F0096,MED-14,43,3,1
F0096,MED-15,54,3,0
F0096,MED-16,106,4,5
F0096,MED-17,163,5,5
F0096,MED-18,159,7,1
F0096,MED-19,187,6,0
F0096,MED-20,53,2,0
F0097,MED-01,97,6,5
F0097,MED-02,207,6,0
F0097,MED-03,80,3,0
F0097,MED-04,74,5,0
F0097,MED-05,115,4,1
F0097,MED-06,170,5,2
F0097,MED-07,79,5,0
F0097,MED-08,88,5,5
F0097,MED-09,110,5,0
F0097,MED-10,112,5,0
F0097,MED-11,38,2,0
F0097,MED-12,34,1,1
F0097,MED-13,73,3,0
F0097,MED-14,37,4,1
F0097,MED-15,96,5,0
F0097,MED-16,213,7,1
F0097,MED-17,77,4,1
F0097,MED-18,79,6,2
F0097,MED-19,13,1,0
F0097,MED-20,80,3,0
F0098,MED-01,57,2,2
F0098,MED-02,49,2,0
F0098,MED-03,14,1,0
F0098,MED-04,84,5,0
F0098,MED-05,28,2,0
F0098,MED-06,11,1,2
F0098,MED-07,15,1,5
F0098,MED-08,153,7,2
F0098,MED-09,41,2,0
F0098,MED-10,72,3,0
F0098,MED-11,68,3,2
F0098,MED-12,56,2,0
F0098,MED-13,105,5,0
F0098,MED-14,57,2,0
F0098,MED-15,40,3,5
F0098,MED-16,142,8,5
F0098,MED-17,16,1,2
F0098,MED-18,121,4,1
F0098,MED-19,270,8,0
F0098,MED-20,14,1,5
F0099,MED-01,113,6,0
F0099,MED-02,28,1,5
F0099,MED-03,27,1,0
F0099,MED-04,142,4,2
F0099,MED-05,110,4,0
F0099,MED-06,198,6,0
F0099,MED-07,18,1,0
F0099,MED-08,65,5,2
F0099,MED-09,220,8,1
F0099,MED-10,176,5,0
F0099,MED-11,162,5,1
F0099,MED-12,32,1,5
F0099,MED-13,231,7,5
F0099,MED-14,85,4,5
F0099,MED-15,88,3,5
F0099,MED-16,25,2,1
F0099,MED-17,105,4,1
F0099,MED-18,83,6,0
F0099,MED-19,61,5,1
F0099,MED-20,53,2,0
F0100,MED-01,44,2,5
F0100,MED-02,84,4,0
F0100,MED-03,24,1,5
F0100,MED-04,20,2,5
F0100,MED-05,67,3,0
F0100,MED-06,109,5,0
F0100,MED-07,29,1,0
F0100,MED-08,76,3,2
F0100,MED-09,150,6,2
F0100,MED-10,60,2,0
F0100,MED-11,161,5,0
F0100,MED-12,157,5,0
F0100,MED-13,61,3,0
F0100,MED-14,52,3,2
F0100,MED-15,74,3,1
F0100,MED-16,236,7,2
F0100,MED-17,33,1,0
F0100,MED-18,104,7,0
F0100,MED-19,162,6,0
F0100,MED-20,51,3,0
