route_id,from_facility,to_facility,distance_km,travel_time_hr
R0001,F0003,F0006,26.0,0.74
R0002,F0004,F0006,30.2,0.86
R0003,F0002,F0007,52.6,1.5
R0004,F0004,F0007,58.3,1.67
R0005,F0002,F0008,47.1,1.35
R0006,F0004,F0008,47.8,1.37
R0007,F0003,F0009,27.8,0.79
R0008,F0001,F0009,39.9,1.14
R0009,F0002,F0010,3.7,0.11
R0010,F0005,F0010,9.3,0.27
R0011,F0003,F0011,49.7,1.42
R0012,F0004,F0011,59.0,1.69
R0013,F0003,F0012,54.5,1.56
R0014,F0004,F0012,65.9,1.88
R0015,F0001,F0013,4.4,0.13
R0016,F0004,F0013,4.7,0.13
R0017,F0002,F0014,61.3,1.75
R0018,F0003,F0014,62.3,1.78
R0019,F0002,F0015,44.2,1.26
R0020,F0004,F0015,49.6,1.42
R0021,F0003,F0016,68.4,1.95
R0022,F0004,F0016,77.8,2.22
R0023,F0002,F0017,60.4,1.73
R0024,F0003,F0017,60.8,1.74
R0025,F0003,F0018,42.9,1.23
R0026,F0004,F0018,43.4,1.24
R0027,F0003,F0019,28.1,0.8
R0028,F0004,F0019,39.0,1.11
R0029,F0002,F0020,36.9,1.05
R0030,F0004,F0020,40.4,1.15
R0031,F0003,F0021,6.8,0.19
R0032,F0004,F0021,12.4,0.35
R0033,F0004,F0022,12.0,0.34
R0034,F0003,F0022,12.7,0.36
R0035,F0002,F0023,8.8,0.25
R0036,F0004,F0023,18.5,0.53
R0037,F0002,F0024,20.6,0.59
R0038,F0004,F0024,27.1,0.77
R0039,F0002,F0025,59.6,1.7
R0040,F0004,F0025,61.2,1.75
R0041,F0003,F0026,44.5,1.27
R0042,F0001,F0026,56.5,1.61
R0043,F0002,F0027,2.8,0.08
R0044,F0004,F0027,8.0,0.23
R0045,F0003,F0028,43.0,1.23
R0046,F0004,F0028,52.2,1.49
R0047,F0003,F0029,63.1,1.8
R0048,F0002,F0029,63.2,1.81
R0049,F0002,F0030,66.8,1.91
R0050,F0004,F0030,70.7,2.02
R0051,F0002,F0031,5.7,0.16
R0052,F0005,F0031,12.6,0.36
R0053,F0002,F0032,4.5,0.13
R0054,F0004,F0032,7.2,0.21
R0055,F0003,F0033,39.8,1.14
R0056,F0004,F0033,40.8,1.17
R0057,F0003,F0034,71.2,2.03
R0058,F0004,F0034,73.8,2.11
R0059,F0002,F0035,56.6,1.62
R0060,F0004,F0035,62.0,1.77
R0061,F0003,F0036,47.1,1.35
R0062,F0004,F0036,51.3,1.47
R0063,F0002,F0037,52.2,1.49
R0064,F0004,F0037,53.2,1.52
R0065,F0003,F0038,27.2,0.78
R0066,F0004,F0038,31.4,0.9
R0067,F0003,F0039,73.6,2.1
R0068,F0004,F0039,79.3,2.27
R0069,F0003,F0040,72.7,2.08
R0070,F0004,F0040,80.0,2.29
R0071,F0003,F0041,59.1,1.69
R0072,F0004,F0041,61.8,1.77
R0073,F0003,F0042,26.4,0.75
R0074,F0001,F0042,38.3,1.09
R0075,F0003,F0043,77.4,2.21
R0076,F0004,F0043,85.0,2.43
R0077,F0003,F0044,40.2,1.15
R0078,F0004,F0044,43.9,1.25
R0079,F0003,F0045,74.1,2.12
R0080,F0004,F0045,81.4,2.33
R0081,F0004,F0046,11.4,0.33
R0082,F0002,F0046,13.1,0.37
R0083,F0002,F0047,62.9,1.8
R0084,F0004,F0047,67.3,1.92
R0085,F0003,F0048,70.7,2.02
R0086,F0004,F0048,79.7,2.28
R0087,F0002,F0049,48.8,1.39
R0088,F0004,F0049,52.9,1.51
R0089,F0002,F0050,63.0,1.8
R0090,F0004,F0050,66.6,1.9
R0091,F0003,F0051,61.1,1.75
R0092,F0002,F0051,62.0,1.77
R0093,F0003,F0052,70.2,2.01
R0094,F0004,F0052,76.1,2.17
R0095,F0003,F0053,48.8,1.39
R0096,F0004,F0053,49.8,1.42
R0097,F0003,F0054,28.3,0.81
R0098,F0004,F0054,34.4,0.98
R0099,F0002,F0055,8.9,0.25
R0100,F0004,F0055,17.6,0.5
R0101,F0002,F0056,36.2,1.03
R0102,F0004,F0056,38.5,1.1
R0103,F0003,F0057,22.6,0.65
R0104,F0001,F0057,32.9,0.94
R0105,F0003,F0058,38.3,1.09
R0106,F0001,F0058,50.4,1.44
R0107,F0004,F0059,1.8,0.05
R0108,F0001,F0059,4.5,0.13
R0109,F0002,F0060,6.2,0.18
R0110,F0004,F0060,12.1,0.35
R0111,F0002,F0061,35.6,1.02
R0112,F0004,F0061,37.6,1.07
R0113,F0002,F0062,52.4,1.5
R0114,F0004,F0062,55.7,1.59
R0115,F0003,F0063,44.8,1.28
R0116,F0002,F0063,44.7,1.28
R0117,F0003,F0064,37.7,1.08
R0118,F0004,F0064,47.6,1.36
R0119,F0003,F0065,23.4,0.67
R0120,F0001,F0065,34.5,0.99
R0121,F0002,F0066,10.8,0.31
R0122,F0004,F0066,12.5,0.36
R0123,F0004,F0067,5.2,0.15
R0124,F0002,F0067,6.2,0.18
R0125,F0003,F0068,40.1,1.15
R0126,F0001,F0068,52.2,1.49
R0127,F0003,F0069,65.1,1.86
R0128,F0004,F0069,73.0,2.09
R0129,F0003,F0070,43.9,1.25
R0130,F0001,F0070,55.1,1.57
R0131,F0003,F0071,78.6,2.25
R0132,F0004,F0071,86.1,2.46
R0133,F0003,F0072,7.8,0.22
R0134,F0001,F0072,19.4,0.55
R0135,F0003,F0073,70.7,2.02
R0136,F0004,F0073,78.6,2.25
R0137,F0003,F0074,48.4,1.38
R0138,F0001,F0074,60.6,1.73
R0139,F0003,F0075,70.9,2.03
R0140,F0004,F0075,77.2,2.21
R0141,F0003,F0076,48.3,1.38
R0142,F0001,F0076,60.4,1.73
R0143,F0003,F0077,45.0,1.29
R0144,F0004,F0077,48.2,1.38
R0145,F0003,F0078,44.6,1.27
R0146,F0001,F0078,56.8,1.62
R0147,F0002,F0079,46.5,1.33
R0148,F0004,F0079,51.6,1.47
R0149,F0003,F0080,12.5,0.36
R0150,F0001,F0080,23.6,0.67
R0151,F0003,F0081,65.3,1.87
R0152,F0004,F0081,68.1,1.95
R0153,F0002,F0082,63.9,1.83
R0154,F0004,F0082,68.5,1.96
R0155,F0002,F0083,6.1,0.17
R0156,F0005,F0083,10.5,0.3
R0157,F0003,F0084,46.5,1.33
R0158,F0001,F0084,58.6,1.67
R0159,F0003,F0085,18.0,0.51
R0160,F0001,F0085,29.8,0.85
R0161,F0003,F0086,17.9,0.51
R0162,F0001,F0086,29.4,0.84
R0163,F0003,F0087,51.6,1.47
R0164,F0004,F0087,62.9,1.8
R0165,F0002,F0088,44.3,1.27
R0166,F0004,F0088,45.3,1.29
R0167,F0003,F0089,30.6,0.87
R0168,F0004,F0089,40.8,1.17
R0169,F0003,F0090,48.1,1.37
R0170,F0001,F0090,60.0,1.71
R0171,F0003,F0091,16.3,0.47
R0172,F0001,F0091,26.3,0.75
R0173,F0002,F0092,66.7,1.91
R0174,F0004,F0092,71.3,2.04
R0175,F0002,F0093,28.6,0.82
R0176,F0004,F0093,33.0,0.94
R0177,F0003,F0094,70.9,2.03
R0178,F0004,F0094,78.5,2.24
R0179,F0003,F0095,15.5,0.44
R0180,F0004,F0095,21.6,0.62
R0181,F0003,F0096,50.1,1.43
R0182,F0004,F0096,55.5,1.59
R0183,F0003,F0097,30.6,0.87
R0184,F0001,F0097,41.2,1.18
R0185,F0002,F0098,61.7,1.76
R0186,F0004,F0098,66.0,1.89
R0187,F0003,F0099,38.1,1.09
R0188,F0001,F0099,50.3,1.44
R0189,F0004,F0100,6.1,0.17
R0190,F0001,F0100,10.2,0.29
R0191,F0032,F0049,47.8,1.37
R0192,F0032,F0039,78.4,2.24
R0193,F0070,F0068,16.5,0.47
R0194,F0038,F0012,40.2,1.15
R0195,F0017,F0060,54.1,1.55
R0196,F0041,F0011,29.3,0.84
R0197,F0006,F0048,50.6,1.45
R0198,F0022,F0039,67.3,1.92
R0199,F0026,F0062,63.6,1.82
R0200,F0076,F0060,64.7,1.85
R0201,F0077,F0007,38.2,1.09
R0202,F0020,F0015,12.1,0.35
R0203,F0025,F0075,35.9,1.03
R0204,F0010,F0053,53.4,1.53
R0205,F0080,F0076,40.2,1.15
R0206,F0024,F0061,19.1,0.55
R0207,F0022,F0011,47.3,1.35
R0208,F0045,F0052,9.4,0.27
R0209,F0011,F0051,35.8,1.02
R0210,F0032,F0037,49.8,1.42
R0211,F0019,F0051,44.4,1.27
R0212,F0077,F0058,46.3,1.32
R0213,F0025,F0036,22.7,0.65
R0214,F0026,F0028,16.9,0.48
R0215,F0058,F0009,10.8,0.31
R0216,F0028,F0048,27.8,0.79
R0217,F0058,F0037,60.0,1.71
R0218,F0040,F0026,40.4,1.15
R0219,F0019,F0054,13.3,0.38
R0220,F0010,F0066,14.1,0.4
R0221,F0034,F0031,79.4,2.27
R0222,F0064,F0050,56.8,1.62
R0223,F0045,F0035,65.9,1.88
R0224,F0034,F0009,63.3,1.81
R0225,F0030,F0057,88.4,2.53
R0226,F0048,F0041,35.7,1.02
R0227,F0014,F0041,11.6,0.33
R0228,F0050,F0071,57.7,1.65
R0229,F0057,F0074,35.8,1.02
R0230,F0048,F0009,49.5,1.41
